year,company
2024,"4K CONSTRUCTION, INC"
2024,A&G CONTRACTING LLC
2024,ABLE ELECTRIC
2024,ACCU GRADING AND PAVING INC.
2024,ACME ELECTRIC
2024,ACME UNDERGROUND INC.
2024,AIMS COMPANIES
2024,"ALL TRADES AMERICAN FENCE AND SECURITY COMPANY, INC."
2024,AMERICAN SOUTHWEST ELECTRIC
2024,ANTHONY AND SYLVAN POOLS
2024,AS ELECTRIC
2024,BADGER CONSTRUCTION CORP
2024,BADGER DAYLIGHTING CORP
2024,BC2 ENVIRONMENTAL
2024,BLACK CANYON CONSTRUCTION
2024,BLUE HAVEN POOLS
2024,BULL CONCRETE
2024,"BYOP OF NEVADA, LLC."
2024,C AND S COMPANY
2024,"CASCADE DRILLING, LP"
2024,CC CONSTRUCTION
2024,CEDCO INC.
2024,CENTER POINT LANDSCAPING
2024,CIVIL WERX
2024,CLEAN & GREEN LANDSCAPE
2024,COMPLETE DEMO SERVICES
2024,"CRUX SUBSURFACE, INC."
2024,D & R HYDRANT
2024,DAIA UNDERGROUND
2024,DBR PLUMBING LLC
2024,DESERT SPRINGS POOLS
2024,DIAMOND CONCRETE CUTTING
2024,DIMICK DEVELOPMENT CO.
2024,DIRECT SOLAR LLC
2024,DRAIN BEARS
2024,"EAGLE DRILLING SERVICES, LLC."
2024,EAGLE EXCAVATION LLC
2024,ELITE EXCAVATING
2024,EXCEL UTILITY CONTRACTORS LLC
2024,EXTENDED POWER INC.
2024,EXTREME COMMERCIAL CONCRETE
2024,FAST TRAC ELECTRIC
2024,FASTRACK CONSTRUCTION
2024,FIRST ELECTRIC
2024,FISHER SAND & GRAVEL
2024,FLOCK SAFETY
2024,FREHNER MASONRY
2024,GEOTECHNICAL DRILLING
2024,GOETTL AIR CONDITIONING AND PLUMBING
2024,GREENCARE DESIGNS
2024,"GROUNDHOGS HYDROVAC, LLC."
2024,HENRY CONTRACTING
2024,HIGHWAY STRIPING & SIGNS
2024,"HILL & HILL CONSTRUCTION, LLC."
2024,HOLCIM
2024,"HOLE HOGZ, LLC"
2024,HYDRO PLUMBING
2024,IMPACT SIGNS & GRAPHICS
2024,"J & J ENTERPRISE SERVICES, INC."
2024,J&L CONSTRUCTION
2024,JBM UNDERGROUND
2024,"JC COMPANIES, LLC"
2024,JCP PLUMBING INC.
2024,JENNI PLUMBER
2024,JUMP 2 IT PLUMBING
2024,KCI TECHNOLOGIES
2024,"KELLER NORTH AMERICA, INC."
2024,KNL CONSTRUCTION LLC
2024,LAM CONTRACTING LLC.
2024,LANDCARE
2024,LANZ CONSTRUCTION LLC
2024,LAS VEGAS FLAG & SIGN
2024,LG LLC DBA NEVADA LANDSCAPE
2024,"LGCY INSTALLATION SERVICES, LLC"
2024,LIGHTWORKS FIBER AND CONSULTING LLC
2024,LONE MOUNTAIN EXCAVATION
2024,MAILE CONCRETE
2024,"MAUI ONE EXCAVATING, INC."
2024,"MC4 CONSTRUCTION, LLC"
2024,MCKINLAY EXCAVATING INC.
2024,MDR CONSTRUCTION
2024,MMC ENVIRONMENTAL
2024,MOON VALLEY NURSERY
2024,MORLEY GRADING LLC
2024,NAYAR UNDERGROUND
2024,NEVADA BARRICADE & SIGN COMPANY
2024,NEVADA PIPELINE LLC
2024,OSMOSE UTILITIES SERVICES INC.
2024,"PACIFIC NETWORK SOLUTION CONSTRUCTION, LLC"
2024,PEARSON TRENCHING AND TRUCKING
2024,PENNEY CONSTRUCTION
2024,PENNY ELECTRIC
2024,PERFORMANCE EXCAVATING LLC
2024,PHOENIX LANDSCAPE
2024,POWER PLUS
2024,QUALTEK WIRELESS
2024,QUIK TRENCH
2024,R&R CONSTRUCTION LLC.
2024,R&L DECIGA INC
2024,RED STAR FENCE
2024,RELIANT CONSTRUCTION LLC.
2024,RESOLUTION PLUMBING
2024,SIN CITY PLUMBING
2024,SOIL-TECH
2024,SOUTHWEST GEOTECHNICAL
2024,STONESCAPES NV
2024,STRAIGHT-LINE INC.
2024,STRVJV2
2024,SUMMIT LINE CONSTRUCTION
2024,SUNRISE CARPENTRY INC
2024,"SUNRISE PAVING, INC."
2024,"SUNSTATE COMPANIES, LLC"
2024,SUPERIOR PLUMBING
2024,T&D POWER
2024,T2 UTILITY ENGINEERS
2024,TIBERTI FENCE COMPANY
2024,TRENCHLESS EVOLUTIONS LLC
2024,"TRIPLE J TRENCHING UNDERGROUND, INC."
2024,UNITED SITE SERVICES
2024,URBAN JUNGLE CONSTRUCTORS LTD
2024,US UNDERGROUND
2024,VALLEY LAWN CARE
2024,VCI CONSTRUCTION
2024,VT CONSTRUCTION
2024,WELLS CARGO INC.
2024,WESTCOM INC.
2024,WESTCOM LLC
2024,WILLIAM CHARLES CONSTRUCTION
2024,XL CONCRETE MASONRY
2024,XRAM EXCAVATION
2024,YESCO
